{"weekWeight":13.518014,"dayWeight":80.518005,"semWeight":5.963973,"srcWeight":0.0,"cutoff":9.0,"total":51}