{"weekWeight":13.269691,"dayWeight":80.269692,"semWeight":6.460616,"srcWeight":0.0,"cutoff":9.0,"total":28}