{"weekWeight":8.418224,"dayWeight":50.418224,"semWeight":4.976135,"srcWeight":36.187412,"cutoff":9.0,"total":144}