{"weekWeight":8.341083,"dayWeight":50.341082,"semWeight":5.208354,"srcWeight":36.109478,"cutoff":9.0,"total":86}